{"initial_reset_timestamp": 1500003118.583583, "timestamps": [1500003121.6270623, 1500003124.937034, 1500003126.3436882, 1500003127.7843804, 1500003129.1790607, 1500003130.421445, 1500003131.512484, 1500003132.7984822, 1500003136.4504004, 1500003138.6295354, 1500003139.7453036, 1500003141.0851502, 1500003142.4112637, 1500003143.8746421, 1500003145.1361341, 1500003146.5223439, 1500003147.7504354, 1500003149.1646183, 1500003150.6873565, 1500003152.022722, 1500003153.8138745, 1500003154.9964526, 1500003156.264147, 1500003157.4766545, 1500003158.6921515, 1500003160.2413838, 1500003161.4468615, 1500003164.871935, 1500003166.1805634, 1500003167.423262, 1500003168.6271577, 1500003170.0957627, 1500003171.2110374, 1500003172.5787632, 1500003173.8351388, 1500003175.1210396, 1500003176.5042272, 1500003177.5942574, 1500003178.9548743, 1500003180.2758412, 1500003181.6268234, 1500003182.715854, 1500003184.0574272, 1500003185.3188736, 1500003186.6447375, 1500003187.8622139, 1500003189.2299013, 1500003190.721994, 1500003192.0746765, 1500003193.2594435, 1500003194.668693, 1500003196.1924715, 1500003197.528971, 1500003198.9324744, 1500003201.6197672, 1500003204.223449, 1500003206.7616258, 1500003209.2874577, 1500003211.7417371, 1500003214.4998798, 1500003216.7287767, 1500003219.337185, 1500003221.869137, 1500003224.09411, 1500003228.9788203, 1500003232.4752417, 1500003235.7894738, 1500003238.7591343, 1500003241.2549417, 1500003243.735153, 1500003246.7758973, 1500003249.1618497, 1500003251.2860422, 1500003254.097904, 1500003256.8297882, 1500003259.5098238, 1500003261.7780552, 1500003265.2301664, 1500003267.826335, 1500003269.9294899, 1500003272.8572907, 1500003275.1712677, 1500003277.3445404, 1500003280.2959638, 1500003283.3153539, 1500003285.597216, 1500003288.4936645, 1500003290.9759104, 1500003293.1779096, 1500003296.0440075, 1500003298.3984432, 1500003300.7202957, 1500003303.2008462, 1500003306.0559523, 1500003308.480279, 1500003310.890243, 1500003314.2369854, 1500003317.5998237, 1500003320.5216942, 1500003323.201238, 1500003325.8342476, 1500003328.6709259, 1500003331.3321357, 1500003333.885038, 1500003336.2729495, 1500003338.9339619, 1500003341.5690863, 1500003345.5146258], "episode_lengths": [3371, 3479, 3367, 4034, 3901, 3483, 3056, 3607, 3989, 4680, 3131, 3757, 3715, 4108, 3524, 3833, 3408, 3959, 4217, 3720, 5020, 3304, 3555, 3392, 3408, 4341, 3373, 3648, 3203, 3479, 3372, 4116, 3128, 3833, 3520, 3596, 3870, 3056, 3804, 3704, 3780, 3056, 3756, 3536, 3726, 3408, 3828, 4182, 3774, 3304, 3938, 4258, 3750, 3928, 3681, 3776, 3684, 3648, 3544, 4001, 3243, 3790, 3663, 3213, 3795, 4162, 4815, 4268, 3602, 3565, 4396, 3414, 3056, 4016, 3917, 3296, 3168, 4978, 3732, 3056, 4216, 3304, 3128, 4233, 4337, 3304, 3536, 3540, 3168, 4110, 3371, 3296, 3544, 4095, 3481, 3443, 4774, 4093, 4206, 3831, 3731, 4035, 3784, 3660, 3416, 3796, 3719, 4929], "episode_rewards": [-21.0, -20.0, -20.0, -20.0, -19.0, -20.0, -21.0, -20.0, -20.0, -18.0, -21.0, -21.0, -20.0, -19.0, -21.0, -20.0, -21.0, -20.0, -19.0, -21.0, -19.0, -21.0, -21.0, -21.0, -21.0, -19.0, -20.0, -21.0, -21.0, -20.0, -21.0, -21.0, -21.0, -20.0, -21.0, -21.0, -19.0, -21.0, -20.0, -20.0, -21.0, -21.0, -19.0, -21.0, -20.0, -21.0, -21.0, -20.0, -21.0, -21.0, -20.0, -19.0, -21.0, -19.0, -20.0, -21.0, -19.0, -21.0, -21.0, -19.0, -21.0, -19.0, -20.0, -21.0, -19.0, -19.0, -19.0, -19.0, -21.0, -21.0, -20.0, -21.0, -21.0, -21.0, -20.0, -21.0, -21.0, -21.0, -21.0, -21.0, -19.0, -21.0, -21.0, -19.0, -18.0, -21.0, -21.0, -21.0, -21.0, -19.0, -21.0, -21.0, -21.0, -20.0, -20.0, -20.0, -17.0, -20.0, -20.0, -20.0, -19.0, -20.0, -21.0, -21.0, -21.0, -20.0, -20.0, -17.0], "episode_types": ["t", "t", "t", "t", "t", "t", "t", "t", "t", "t", "t", "t", "t", "t", "t", "t", "t", "t", "t", "t", "t", "t", "t", "t", "t", "t", "t", "t", "t", "t", "t", "t", "t", "t", "t", "t", "t", "t", "t", "t", "t", "t", "t", "t", "t", "t", "t", "t", "t", "t", "t", "t", "t", "t", "t", "t", "t", "t", "t", "t", "t", "t", "t", "t", "t", "t", "t", "t", "t", "t", "t", "t", "t", "t", "t", "t", "t", "t", "t", "t", "t", "t", "t", "t", "t", "t", "t", "t", "t", "t", "t", "t", "t", "t", "t", "t", "t", "t", "t", "t", "t", "t", "t", "t", "t", "t", "t", "t", "t"]}