{"initial_reset_timestamp": 1500003352.594452, "timestamps": [1500003355.776399, 1500003359.1576617, 1500003360.5554721, 1500003362.0039113, 1500003363.4038577, 1500003364.6509135, 1500003365.7485828, 1500003367.0421484, 1500003371.3720756, 1500003373.224239, 1500003374.3451748, 1500003375.6945167, 1500003377.0288918, 1500003378.5011928, 1500003379.767139, 1500003381.1398132, 1500003382.361976, 1500003383.7865024, 1500003385.3104808, 1500003386.6575334, 1500003388.472314, 1500003389.6599104, 1500003390.9440813, 1500003392.1674178, 1500003393.390436, 1500003394.948693, 1500003396.1645, 1500003399.5910776, 1500003401.0081332, 1500003402.2580085, 1500003403.4704177, 1500003404.9465895, 1500003406.067967, 1500003407.4424279, 1500003408.7072687, 1500003409.9999087, 1500003411.3885317, 1500003412.4861612, 1500003413.85438, 1500003415.1854007, 1500003416.5564532, 1500003417.652181, 1500003418.9994326, 1500003420.2687025, 1500003421.6029034, 1500003422.8272178, 1500003424.2018535, 1500003425.7018187, 1500003427.0585918, 1500003428.2478726, 1500003429.6642616, 1500003431.1925638, 1500003432.5380585, 1500003433.958684, 1500003435.874869, 1500003438.4742815, 1500003440.9955013, 1500003443.511229, 1500003445.9638102, 1500003448.728746, 1500003451.0729845, 1500003454.1603818, 1500003456.836477, 1500003459.2794538, 1500003463.871718, 1500003467.1934326, 1500003469.751105, 1500003472.3025498, 1500003474.7899454, 1500003477.4542198, 1500003480.119401, 1500003482.8974059, 1500003485.5266771, 1500003488.3824291, 1500003490.9338355, 1500003493.2935004, 1500003496.3474233, 1500003498.9102771, 1500003501.0300467, 1500003503.5331495, 1500003505.7092032, 1500003508.0670073, 1500003510.3410325, 1500003513.282656, 1500003515.6964734, 1500003518.218414, 1500003520.5143788, 1500003524.313629, 1500003527.291494, 1500003529.9641263, 1500003532.548335, 1500003535.1485047, 1500003537.302353, 1500003539.616361, 1500003541.843348, 1500003544.4605322, 1500003546.9582245, 1500003550.088179, 1500003553.244888, 1500003555.6798437, 1500003558.0837371, 1500003560.510739, 1500003562.9740431, 1500003565.209648, 1500003567.6690135, 1500003570.0583107, 1500003572.5580466, 1500003574.8061597, 1500003577.2059073, 1500003581.2737117, 1500003583.8506083, 1500003586.7419808, 1500003589.0777433, 1500003591.3603306, 1500003593.6937358, 1500003596.0267494, 1500003598.3611608, 1500003601.108318, 1500003604.0316384, 1500003606.583717, 1500003608.9213874, 1500003612.6321585], "episode_lengths": [3371, 3479, 3367, 4034, 3901, 3483, 3056, 3607, 3989, 4680, 3131, 3757, 3715, 4108, 3524, 3833, 3408, 3959, 4217, 3720, 5020, 3304, 3555, 3392, 3408, 4341, 3373, 3648, 3203, 3479, 3372, 4116, 3128, 3833, 3520, 3596, 3870, 3056, 3804, 3704, 3780, 3056, 3756, 3536, 3726, 3408, 3828, 4182, 3774, 3304, 3938, 4258, 3750, 3928, 3681, 3776, 3684, 3648, 3544, 3976, 3408, 4488, 3857, 3536, 3584, 3367, 3729, 3671, 3592, 3851, 3843, 4017, 3776, 4093, 3679, 3392, 3304, 3686, 3056, 3613, 3131, 3373, 3266, 4200, 3444, 3648, 3304, 4141, 4261, 3852, 3682, 3723, 3056, 3296, 3168, 3733, 3528, 4436, 3408, 3482, 3412, 3434, 3510, 3176, 3462, 3410, 3532, 3168, 3367, 4587, 3507, 4100, 3296, 3243, 3296, 3304, 3296, 3909, 4155, 3619, 3300, 3927], "episode_rewards": [-21.0, -20.0, -20.0, -20.0, -19.0, -20.0, -21.0, -20.0, -20.0, -18.0, -21.0, -21.0, -20.0, -19.0, -21.0, -20.0, -21.0, -20.0, -19.0, -21.0, -19.0, -21.0, -21.0, -21.0, -21.0, -19.0, -20.0, -21.0, -21.0, -20.0, -21.0, -21.0, -21.0, -20.0, -21.0, -21.0, -19.0, -21.0, -20.0, -20.0, -21.0, -21.0, -19.0, -21.0, -20.0, -21.0, -21.0, -20.0, -21.0, -21.0, -20.0, -19.0, -21.0, -19.0, -20.0, -21.0, -19.0, -21.0, -21.0, -19.0, -21.0, -20.0, -20.0, -21.0, -20.0, -20.0, -20.0, -21.0, -20.0, -21.0, -21.0, -20.0, -21.0, -20.0, -20.0, -21.0, -21.0, -21.0, -21.0, -20.0, -21.0, -20.0, -21.0, -21.0, -21.0, -21.0, -21.0, -20.0, -20.0, -21.0, -21.0, -21.0, -21.0, -21.0, -21.0, -19.0, -21.0, -17.0, -21.0, -20.0, -21.0, -21.0, -20.0, -21.0, -20.0, -21.0, -20.0, -21.0, -20.0, -19.0, -21.0, -19.0, -21.0, -21.0, -21.0, -21.0, -21.0, -20.0, -19.0, -21.0, -21.0, -20.0], "episode_types": ["t", "t", "t", "t", "t", "t", "t", "t", "t", "t", "t", "t", "t", "t", "t", "t", "t", "t", "t", "t", "t", "t", "t", "t", "t", "t", "t", "t", "t", "t", "t", "t", "t", "t", "t", "t", "t", "t", "t", "t", "t", "t", "t", "t", "t", "t", "t", "t", "t", "t", "t", "t", "t", "t", "t", "t", "t", "t", "t", "t", "t", "t", "t", "t", "t", "t", "t", "t", "t", "t", "t", "t", "t", "t", "t", "t", "t", "t", "t", "t", "t", "t", "t", "t", "t", "t", "t", "t", "t", "t", "t", "t", "t", "t", "t", "t", "t", "t", "t", "t", "t", "t", "t", "t", "t", "t", "t", "t", "t", "t", "t", "t", "t", "t", "t", "t", "t", "t", "t", "t", "t", "t", "t"]}